aa_substitution	stability_score_48hr	sd	comment
A509V			
A509G			
A509D			
A509S			
A509P			
A509T			
H508Q			
H508L			
H508R			
H508P			
H508Y			
H508D			
H508N			
P507L			
P507R			
P507H			
P507S			
P507A			
P507T			
D506E			
D506V			
D506G			
D506A			
D506Y			
D506H			
D506N			
P505L			
P505R			
P505Q			
P505S			
P505A			
P505T			
C504W			
C504F			
C504S			
C504Y			
C504G			
C504R			
H503Q			
H503L			
H503R			
H503P			
H503D			
H503N			
C502W			
C502F			
C502S			
C502Y			
C502G			
C502R			
C501W			
C501F			
C501S			
C501Y			
C501G			
C501R			
A500V			
A500G			
A500D			
A500S			
A500P			
A500T			
P499L			
P499R			
P499Q			
P499S			
P499A			
P499T			
R498C			
R498G			
R498S			
P497L			
P497R			
P497H			
P497S			
P497A			
P497T			
T496S			
T496N			
T496A			
T496P			
C495W			
C495S			
C495Y			
C495G			
C495R			
G494V			
G494A			
G494D			
G494C			
G494R			
G494S			
P493L			
P493R			
P493H			
P493S			
P493A			
P493T			
H492Q			
H492L			
H492R			
H492P			
H492Y			
H492D			
H492N			
C491W			
C491F			
C491S			
C491Y			
C491R			
C490W			
C490F			
C490S			
C490Y			
C490G			
I489M			
I489S			
I489T			
I489N			
I489F			
I489V			
I489L			
Q488H			
Q488L			
Q488R			
Q488P			
Q488E			
Q488K			
L487R			
L487P			
L487Q			
L487V			
L487M			
A486V			
A486G			
A486D			
A486S			
A486P			
P485L			
P485R			
P485H			
P485A			
P485T			
D484E			
D484V			
D484G			
D484A			
D484Y			
D484N			
E483D			
E483V			
E483G			
E483A			
E483Q			
G482V			
G482A			
G482C			
G482R			
R481L			
R481P			
R481G			
A480G			
A480D			
A480S			
A480P			
A480T			
V479G			
V479A			
V479E			
V479L			
Q478L			
Q478R			
Q478P			
Q478E			
Q478K			
S477R			
S477N			
P476L			
P476R			
P476H			
P476S			
P476A			
P476T			
G475V			
G475A			
G475D			
G475C			
G475R			
F474L			
F474C			
F474S			
F474Y			
F474V			
F474I			
T473I			
T473S			
T473N			
T473A			
T473P			
V472G			
V472A			
V472E			
V472L			
V472M			
A471V			
A471D			
A471S			
A471P			
A471T			
A470V			
A470G			
A470E			
A470S			
A470P			
D469E			
D469V			
D469G			
D469A			
D469Y			
D469H			
D469N			
L468F			
L468S			
L468V			
L468I			
Q467H			
Q467L			
Q467R			
Q467P			
Q467K			
A466G			
A466D			
A466S			
A466P			
A466T			
K465N			
K465M			
K465R			
K465T			
K465E			
K465Q			
L464R			
L464H			
L464F			
L464V			
L464I			
L463R			
L463P			
L463Q			
L463V			
L463M			
Q462H			
Q462L			
Q462R			
Q462P			
Q462E			
Q462K			
L461R			
L461P			
L461H			
L461F			
L461V			
L461I			
Q460H			
Q460L			
Q460R			
Q460P			
Q460K			
K459N			
K459I			
K459T			
K459Q			
L458R			
L458P			
L458Q			
L458V			
L458M			
A457V			
A457G			
A457D			
A457S			
A457P			
Q456H			
Q456L			
Q456R			
Q456P			
Q456E			
Q456K			
L455R			
L455Q			
L455V			
L455M			
V454G			
V454A			
V454E			
V454L			
V454M			
E453D			
E453V			
E453G			
E453A			
E453Q			
E453K			
P452R			
P452Q			
P452S			
P452A			
P452T			
T451I			
T451S			
T451N			
T451A			
T451P			
A450V			
A450G			
A450D			
A450S			
A450P			
A450T			
G449V			
G449A			
G449E			
G449W			
A448V			
A448G			
A448D			
A448S			
A448P			
A448T			
V447G			
V447A			
V447E			
V447L			
V447M			
G446V			
G446A			
G446D			
G446C			
G446R			
G446S			
G445A			
G445E			
G445W			
G445R			
L444R			
L444P			
L444Q			
L444V			
L444M			
L443R			
L443P			
L443Q			
L443V			
L443M			
N442K			
N442I			
N442T			
N442Y			
N442D			
N442H			
Y441F			
Y441C			
Y441S			
Y441D			
Y441H			
Y441N			
N440I			
N440S			
N440T			
N440Y			
N440D			
N440H			
E439D			
E439V			
E439G			
E439A			
E439K			
G438A			
G438D			
G438C			
G438R			
P437L			
P437R			
P437H			
P437S			
P437A			
D436E			
D436V			
D436G			
D436A			
D436Y			
D436H			
K435N			
K435M			
K435R			
K435T			
K435E			
K435Q			
S434F			
S434C			
S434Y			
S434A			
S434P			
S434T			
L433R			
L433P			
L433Q			
L433M			
D432E			
D432V			
D432G			
D432A			
D432H			
D432N			
Y431F			
Y431D			
Y431H			
Y431N			
L430R			
L430H			
L430V			
L430I			
L429R			
L429Q			
L429V			
L429M			
P428R			
P428Q			
P428S			
P428A			
P428T			
P427L			
P427R			
P427H			
P427A			
P427T			
E426D			
E426V			
E426A			
E426Q			
E426K			
H425Q			
H425L			
H425P			
H425N			
A424G			
A424D			
A424S			
A424P			
A424T			
T423I			
T423S			
T423N			
T423A			
T423P			
L422R			
L422Q			
L422V			
L422M			
S421F			
S421Y			
S421A			
S421P			
S421T			
S420I			
S420T			
S420N			
S420C			
S420G			
S419F			
S419C			
S419Y			
S419A			
S419P			
S419T			
A418V			
A418G			
A418D			
A418S			
A418P			
H417Q			
H417L			
H417R			
H417P			
H417Y			
H417D			
H417N			
C416W			
C416F			
C416S			
C416Y			
C416G			
C416R			
A415V			
A415G			
A415D			
A415S			
A415P			
A415T			
P414L			
P414R			
P414H			
P414S			
P414A			
P414T			
D413E			
D413V			
D413A			
D413Y			
D413H			
D413N			
A412V			
A412G			
A412E			
A412S			
A412P			
A412T			
T411I			
T411S			
T411N			
T411A			
T411P			
T410S			
T410N			
T410A			
T410P			
D409E			
D409V			
D409G			
D409A			
D409Y			
D409H			
D409N			
S408R			
S408I			
S408C			
H407Q			
H407L			
H407R			
H407P			
H407Y			
H407D			
H407N			
A406V			
A406G			
A406D			
A406P			
A406T			
S405C			
S405Y			
S405A			
S405T			
G404V			
G404A			
G404D			
G404C			
G404R			
G404S			
Q403H			
Q403L			
Q403R			
Q403P			
Q403K			
T402I			
T402S			
T402N			
T402A			
T402P			
F401C			
F401S			
F401Y			
F401V			
F401I			
F400L			
F400C			
F400S			
F400Y			
F400V			
F400I			
H399L			
H399R			
H399P			
H399D			
H399N			
A398V			
A398G			
A398D			
A398S			
A398P			
A398T			
K397N			
K397M			
K397R			
K397T			
K397E			
K397Q			
Y396F			
Y396C			
Y396S			
Y396D			
Y396H			
Y396N			
K395N			
K395M			
K395R			
K395T			
K395E			
K395Q			
G394V			
G394A			
G394E			
T393I			
T393N			
T393P			
R392P			
V391A			
V391E			
V391L			
V391M			
A390V			
A390G			
A390D			
A390S			
A390P			
A390T			
F389L			
F389C			
F389Y			
F389V			
F389I			
V388G			
V388A			
V388D			
V388F			
V388L			
V388I			
G387E			
G387W			
G387R			
R386L			
R386P			
R386S			
V385G			
V385A			
V385D			
V385F			
V385L			
V385I			
E384D			
E384V			
E384G			
E384A			
E384Q			
D383V			
D383G			
D383A			
D383Y			
D383H			
D383N			
P382L			
P382R			
P382Q			
P382S			
P382A			
P382T			
Y381F			
Y381C			
Y381S			
Y381D			
Y381N			
S380F			
S380C			
S380Y			
S380A			
S380P			
S380T			
P379R			
P379S			
P379A			
P379T			
Y378F			
Y378C			
Y378S			
Y378D			
Y378H			
F377L			
F377C			
F377S			
F377Y			
F377V			
F377I			
F376L			
F376C			
F376S			
F376Y			
F376V			
F376I			
L375R			
L375P			
L375H			
L375F			
L375V			
L375I			
S374F			
S374C			
S374Y			
S374A			
S374P			
S374T			
Q373H			
Q373L			
Q373R			
Q373E			
Q373K			
R372L			
R372P			
R372G			
P371L			
P371R			
P371H			
P371S			
P371A			
P371T			
S370R			
S370I			
S370T			
S370N			
S370C			
S370G			
K369M			
K369R			
K369T			
K369E			
K369Q			
G368V			
G368A			
G368D			
G368C			
G368R			
G368S			
T367I			
T367R			
T367K			
T367S			
T367A			
T367P			
G366V			
G366A			
G366D			
G366C			
G366R			
G366S			
L365R			
L365P			
L365Q			
L365V			
L365M			
L364R			
L364P			
L364Q			
L364V			
L364M			
L363R			
L363P			
L363Q			
L363V			
L363M			
P362L			
P362R			
P362H			
P362S			
P362A			
P362T			
S361R			
S361I			
S361T			
S361N			
S361C			
S361G			
L360R			
L360H			
L360F			
L360V			
L360I			
D359E			
D359V			
D359G			
D359A			
D359H			
F358L			
F358C			
F358S			
F358Y			
F358V			
F358I			
G357A			
G357D			
G357C			
G357R			
G357S			
D356E			
D356G			
D356A			
D356Y			
D356H			
D356N			
L355F			
L355W			
L355S			
L355V			
L355M			
T354I			
T354N			
T354A			
T354P			
V353G			
V353A			
V353D			
V353F			
V353L			
V353I			
N352K			
N352I			
N352T			
N352Y			
N352D			
P351L			
P351R			
P351H			
P351S			
P351A			
P351T			
L350R			
L350P			
L350V			
L350M			
P349L			
P349R			
P349Q			
P349S			
P349A			
P349T			
A348V			
A348G			
A348D			
A348S			
A348P			
A348T			
G347V			
G347A			
G347E			
G347W			
A346V			
A346G			
A346D			
A346S			
A346P			
A346T			
L345R			
L345P			
L345Q			
L345V			
L345M			
A344V			
A344G			
A344S			
A344P			
A344T			
A343V			
A343G			
A343E			
A343S			
A343P			
A343T			
L342R			
L342P			
L342Q			
L342M			
T341I			
T341S			
T341N			
T341A			
T341P			
P340L			
P340R			
P340H			
P340S			
P340A			
P340T			
L339R			
L339P			
L339Q			
L339V			
L339M			
L338R			
L338Q			
L338V			
L338M			
D337E			
D337G			
D337A			
D337Y			
D337H			
D337N			
L336R			
L336P			
L336Q			
L336V			
L336M			
S335F			
S335C			
S335Y			
S335A			
S335P			
S335T			
S334R			
S334I			
S334T			
S334N			
S334C			
S334G			
A333V			
A333G			
A333D			
A333S			
A333P			
A333T			
L332R			
L332P			
L332Q			
L332V			
L332M			
E331D			
E331V			
E331G			
E331A			
E331Q			
E331K			
H330Q			
H330L			
H330P			
H330Y			
H330D			
H330N			
T329S			
T329N			
T329A			
T329P			
V328G			
V328A			
V328E			
V328L			
V328M			
G327V			
G327A			
G327C			
G327R			
P326L			
P326R			
P326H			
P326S			
P326A			
P326T			
A325V			
A325G			
A325D			
A325S			
A325P			
I324M			
I324S			
I324N			
I324F			
I324L			
H323Q			
H323L			
H323R			
H323P			
H323Y			
H323D			
H323N			
G322V			
G322A			
G322D			
G322C			
G322R			
G322S			
P321L			
P321R			
P321Q			
P321S			
P321A			
P321T			
W320L			
W320S			
W320R			
F319L			
F319S			
F319Y			
F319V			
F319I			
A318V			
A318G			
A318D			
A318S			
A318P			
A318T			
L317W			
L317S			
L317V			
L317M			
A316V			
A316G			
A316S			
A316P			
P315L			
P315R			
P315H			
P315S			
P315A			
P315T			
E314V			
E314G			
E314A			
E314Q			
E314K			
R313L			
R313G			
V312G			
V312A			
V312D			
V312F			
V312L			
V312I			
G311V			
G311C			
G311R			
G310A			
G310C			
G310R			
G310S			
E309D			
E309V			
E309G			
E309A			
Y308F			
Y308C			
Y308S			
Y308D			
Y308N			
T307I			
T307S			
T307N			
T307A			
T307P			
T306R			
T306K			
T306S			
T306A			
T306P			
G305V			
G305A			
G305E			
G305R			
K304T			
K304E			
K304Q			
G303V			
G303A			
G303E			
C302W			
C302F			
C302S			
C302Y			
C302G			
C302R			
R301L			
L300W			
L300V			
L300M			
L299R			
L299H			
L299V			
L299I			
G298A			
G298D			
G298C			
G298R			
S297F			
S297C			
S297Y			
S297A			
S297P			
S297T			
C296W			
C296F			
C296S			
C296G			
C296R			
G295V			
G295A			
G295R			
G294V			
G294A			
G294D			
G294C			
G294R			
G294S			
R293L			
R293P			
R293G			
S292C			
S292Y			
S292A			
S292P			
S292T			
M291I			
M291R			
M291T			
M291K			
M291L			
M291V			
R290L			
R290P			
R290G			
M289I			
M289R			
M289K			
M289L			
M289V			
T288I			
T288S			
T288A			
E287D			
E287V			
E287G			
E287A			
E287K			
P286L			
P286R			
P286H			
P286A			
N284I			
N284T			
N284Y			
N284D			
N284H			
D283V			
D283G			
D283A			
D283Y			
D283H			
A282V			
A282G			
A282E			
A282S			
A282P			
A282T			
T281S			
T281N			
T281A			
T281P			
F280L			
F280C			
F280S			
F280Y			
F280V			
F280I			
I279S			
I279T			
I279N			
I279F			
I279V			
I279L			
V278G			
V278A			
V278D			
V278L			
V278I			
L277R			
L277Q			
L277V			
L277M			
T276R			
T276K			
T276A			
E275D			
E275V			
E275G			
E275A			
E275Q			
E275K			
E274D			
E274V			
E274G			
E274A			
E274Q			
L273R			
L273P			
L273H			
L273F			
L273V			
L273I			
L272R			
L272P			
L272V			
L272M			
G271V			
G271A			
G271E			
G271W			
L270R			
L270P			
L270Q			
L270V			
L270M			
D269E			
D269V			
D269G			
D269A			
D269Y			
D269H			
D269N			
G268A			
G268E			
G268W			
I267M			
I267R			
I267K			
I267L			
A266V			
A266G			
A266D			
A266S			
A266P			
A266T			
T265I			
T265R			
T265K			
T265S			
T265A			
T265P			
M264I			
M264R			
M264T			
M264K			
M264L			
M264V			
L263R			
L263P			
L263Q			
L263V			
L263M			
T262I			
T262S			
T262N			
T262A			
T262P			
G261V			
G261A			
G261E			
G261W			
V260G			
V260A			
V260E			
V260L			
V260M			
A259V			
A259G			
A259D			
A259S			
A259P			
A259T			
A258V			
A258G			
A258E			
A258S			
A258T			
D257V			
D257G			
D257A			
D257Y			
L256R			
L256P			
L256Q			
L256V			
L256M			
E255D			
E255V			
E255G			
E255A			
E255Q			
M254I			
M254R			
M254K			
M254L			
M254V			
L253R			
L253P			
L253Q			
L253M			
S252F			
S252C			
S252A			
S252T			
D251E			
D251V			
D251G			
D251A			
D251Y			
D251H			
D251N			
G250V			
G250A			
G250E			
G250W			
G250R			
F249L			
F249Y			
F249V			
F249I			
P248L			
P248R			
P248Q			
P248S			
P248A			
P248T			
G247V			
G247A			
G247E			
G247W			
R246L			
R246P			
R246G			
R246S			
G245V			
G245A			
G245D			
G245C			
G245R			
S244A			
S244P			
S244T			
R243L			
R243P			
R243G			
R243S			
E242D			
E242V			
E242G			
E242A			
E242Q			
E242K			
A241V			
A241G			
A241E			
A241S			
A241P			
A241T			
F240L			
F240C			
F240S			
F240Y			
F240V			
F240I			
S239R			
S239I			
S239T			
S239N			
S239C			
S239G			
Q238H			
Q238L			
Q238R			
Q238P			
Q238K			
G237V			
G237A			
G237E			
G237W			
G237R			
S236R			
S236I			
S236T			
S236N			
S236C			
S236G			
F235C			
F235S			
F235Y			
F235V			
F235I			
Q234H			
Q234L			
Q234P			
Q234E			
Q234K			
P233L			
P233R			
P233H			
P233S			
P233T			
Y232F			
Y232C			
Y232S			
Y232D			
Y232H			
Y232N			
H231L			
H231R			
H231P			
H231Y			
H231D			
H231N			
T230I			
T230S			
T230N			
T230A			
T230P			
H229Q			
H229L			
H229R			
H229P			
H229D			
H229N			
H228Q			
H228L			
H228R			
H228P			
H228Y			
H228N			
S227F			
S227Y			
S227A			
S227P			
S227T			
A226G			
A226D			
A226S			
A226P			
A226T			
Y225F			
Y225S			
Y225D			
Y225H			
Y225N			
Y224F			
Y224S			
Y224D			
Y224H			
Y224N			
L223R			
L223P			
L223Q			
L223V			
L223M			
F222L			
F222C			
F222S			
F222Y			
F222V			
F222I			
F221L			
F221C			
F221S			
F221Y			
F221V			
P220R			
P220H			
P220A			
R219L			
R219P			
R219G			
R219S			
D218E			
D218V			
D218G			
D218A			
D218Y			
D218H			
D218N			
Q217H			
Q217L			
Q217R			
Q217P			
Q217E			
Q217K			
R216L			
R216P			
R216G			
R216S			
Q215L			
Q215R			
Q215P			
Q215E			
Q215K			
A214G			
A214S			
D213E			
D213V			
D213G			
D213A			
D213Y			
D213H			
A212V			
A212G			
A212D			
A212S			
A212P			
A212T			
M211R			
M211T			
M211K			
M211L			
M211V			
L210R			
L210F			
L210V			
L210I			
D209E			
D209V			
D209G			
D209A			
D209Y			
D209H			
D209N			
H208Q			
H208L			
H208R			
H208P			
H208D			
H208N			
A207V			
A207G			
A207S			
A207P			
F206L			
F206C			
F206S			
F206Y			
F206I			
A205V			
A205G			
A205D			
A205S			
A205P			
A205T			
M204I			
M204R			
M204T			
M204K			
M204L			
M204V			
Y203F			
Y203S			
Y203D			
Y203N			
R202L			
R202P			
R202G			
R202S			
A201G			
A201D			
A201P			
A201T			
E200D			
E200V			
E200G			
E200A			
E200Q			
E200K			
L199R			
L199P			
L199Q			
L199V			
L199I			
G198V			
G198A			
G198E			
P197L			
P197R			
P197H			
P197S			
P197A			
P197T			
L196R			
L196P			
L196Q			
L196V			
L196M			
W195L			
W195S			
W195G			
W195R			
P194H			
P194S			
P194T			
P193L			
P193R			
P193H			
P193S			
P193A			
Q192H			
Q192L			
Q192R			
Q192P			
Q192E			
Q192K			
A191G			
A191E			
A191S			
A191P			
A191T			
E190D			
E190V			
E190G			
E190A			
E190Q			
E190K			
V189G			
V189A			
V189E			
V189L			
S188F			
S188C			
S188Y			
S188P			
S188T			
L187R			
L187P			
L187Q			
L187V			
L187M			
N186K			
N186I			
N186S			
N186T			
N186Y			
N186D			
N186H			
A185V			
A185G			
A185D			
A185P			
A185T			
L184F			
L184W			
L184S			
L184V			
L184M			
L183R			
L183P			
L183V			
L183M			
P182L			
P182Q			
P182S			
P182A			
P182T			
I181M			
I181T			
I181N			
I181F			
I181V			
I181L			
P180L			
P180R			
P180S			
P180A			
P180T			
V179A			
V179F			
V179L			
V179I			
L178R			
L178P			
L178Q			
L178V			
L178M			
G177V			
G177A			
G177C			
G177R			
G177S			
Q176H			
Q176L			
Q176R			
Q176P			
Q176E			
Q176K			
D175E			
D175V			
D175G			
D175A			
D175Y			
D175H			
D175N			
C174W			
C174F			
C174S			
C174Y			
C174G			
G173V			
G173A			
G173D			
G173C			
G173R			
G173S			
G172V			
G172A			
G172D			
G172R			
D171E			
D171V			
D171G			
D171A			
D171H			
C170W			
C170F			
C170S			
C170Y			
C170G			
C170R			
P169L			
P169R			
P169H			
P169S			
P169A			
P169T			
T168I			
T168S			
T168N			
T168A			
T168P			
A167G			
A167D			
A167P			
A167T			
P166R			
P166Q			
P166S			
P166A			
P166T			
P165L			
P165R			
P165Q			
P165S			
P165A			
P165T			
F164C			
F164S			
F164Y			
F164V			
F164I			
C163W			
C163F			
C163S			
C163Y			
C163G			
C163R			
T162I			
T162N			
T162A			
T162P			
L161R			
L161Q			
L161V			
L161M			
N160K			
N160I			
N160S			
N160T			
N160Y			
N160D			
N160H			
Q159L			
Q159R			
Q159P			
Q159E			
Q159K			
C158W			
C158S			
C158Y			
C158G			
P157R			
P157H			
P157S			
P157A			
P157T			
G156V			
G156A			
G156C			
G156S			
Q155L			
Q155R			
Q155P			
Q155E			
Q155K			
D154E			
D154V			
D154G			
D154A			
D154Y			
H153Q			
H153L			
H153R			
H153P			
H153Y			
H153D			
H153N			
S152F			
S152C			
S152Y			
S152A			
S152P			
Y151F			
Y151C			
Y151S			
Y151D			
Y151H			
Y151N			
P150Q			
P150S			
P150A			
P150T			
I149M			
I149S			
I149N			
I149F			
I149V			
I149L			
G148V			
G148A			
G148D			
G148C			
L147R			
L147P			
L147Q			
L147V			
L147I			
F146C			
F146S			
F146Y			
F146V			
F146I			
R145L			
R145P			
R145G			
H144Q			
H144L			
H144R			
H144P			
H144Y			
H144D			
H144N			
F143C			
F143S			
F143Y			
F143V			
F143I			
G142V			
G142A			
G142D			
G142C			
G142R			
G142S			
Q141H			
Q141L			
Q141R			
Q141P			
Q141E			
H140Q			
H140L			
H140R			
H140P			
H140N			
P139R			
P139H			
P139S			
P139A			
P138R			
P138H			
P138A			
L137R			
L137P			
L137Q			
L137V			
L137M			
F136L			
F136C			
F136S			
F136Y			
F136V			
F136I			
A135V			
A135G			
A135S			
A135P			
A135T			
G134V			
G134A			
G134E			
G134W			
G134R			
E133D			
E133V			
E133G			
E133A			
E133Q			
P132L			
P132R			
P132H			
P132S			
P132A			
P132T			
G131V			
G131A			
G131E			
G131W			
G131R			
V130G			
V130A			
V130E			
V130L			
V130M			
G129V			
G129A			
G129E			
G129W			
L128H			
L128F			
L128V			
L128I			
H127Q			
H127L			
H127R			
H127P			
H127Y			
H127D			
H127N			
W126C			
W126L			
W126S			
W126G			
W126R			
K125N			
K125M			
K125R			
K125T			
K125E			
K125Q			
G124V			
G124A			
G124D			
G124R			
A123V			
A123G			
A123D			
A123S			
A123P			
A123T			
M122I			
M122R			
M122T			
M122K			
M122L			
M122V			
G121V			
G121A			
G121E			
T120I			
T120R			
T120K			
T120S			
T120A			
T120P			
L119R			
L119P			
L119H			
L119F			
L119V			
L119I			
Y118F			
Y118C			
Y118S			
Y118D			
Y118H			
Y118N			
G117A			
G117C			
G117R			
G117S			
R116L			
R116P			
R116Q			
A115V			
A115G			
A115D			
A115S			
A115P			
A115T			
A114V			
A114G			
A114D			
A114S			
A114P			
A114T			
L113R			
L113Q			
L113V			
L113M			
V112G			
V112A			
V112D			
V112F			
V112L			
V112I			
E111D			
E111V			
E111G			
E111A			
E111Q			
E111K			
A110V			
A110G			
A110D			
A110S			
A110P			
V109G			
V109A			
V109E			
V109L			
T108I			
T108S			
T108N			
T108A			
T108P			
V107G			
V107A			
V107E			
V107L			
V107M			
E106D			
E106V			
E106G			
E106A			
E106Q			
E106K			
E105D			
E105V			
E105G			
E105A			
E105Q			
E105K			
L104R			
L104P			
L104Q			
L104V			
L104M			
P103L			
P103R			
P103H			
P103S			
P103A			
P103T			
L102R			
L102P			
L102Q			
L102V			
L102M			
G101A			
G101D			
G101C			
G101R			
G101S			
G100V			
G100A			
G100E			
G100W			
G100R			
R99L			
R99W			
R99G			
S98C			
S98Y			
S98A			
S98P			
S98T			
S97R			
S97I			
S97T			
S97C			
S97G			
P96L			
P96R			
P96H			
P96S			
P96T			
V95G			
V95A			
V95E			
V95L			
L94R			
L94P			
L94Q			
L94M			
V93G			
V93A			
V93D			
V93F			
V93L			
V93I			
G92V			
G92A			
G92C			
G92R			
G92S			
P91L			
P91R			
P91H			
P91S			
P91A			
P91T			
Y90F			
Y90S			
Y90D			
Y90H			
Y90N			
M89I			
M89R			
M89T			
M89K			
M89L			
M89V			
G88V			
G88R			
M87I			
M87R			
M87T			
M87K			
M87L			
M87V			
R86P			
R86G			
V85G			
V85A			
V85D			
V85F			
V85L			
V85I			
P84R			
P84S			
P84A			
P84T			
L83R			
L83H			
L83F			
L83V			
L83I			
R82L			
R82Q			
R82G			
G81V			
G81A			
G81D			
G81C			
T80I			
T80S			
T80N			
T80A			
T80P			
L79R			
L79P			
L79Q			
L79V			
L79M			
L78R			
L78P			
L78H			
L78F			
L78V			
L78I			
A77V			
A77G			
A77D			
A77S			
A77T			
A76V			
A76G			
A76D			
A76S			
A76P			
A76T			
R75S			
R75M			
R75T			
R75K			
R75W			
R75G			
S74F			
S74C			
S74Y			
S74A			
S74P			
S74T			
P73R			
P73H			
P73S			
P73A			
P73T			
T72I			
T72R			
T72K			
T72S			
T72A			
T72P			
C71W			
C71F			
C71S			
C71Y			
C71G			
C71R			
L70R			
L70Q			
L70V			
L70M			
S69F			
S69C			
S69Y			
S69A			
S69P			
S69T			
V68G			
V68A			
V68E			
V68L			
V68M			
P67L			
P67R			
P67H			
P67S			
P67A			
P67T			
V66G			
V66E			
V66L			
V66M			
Y65F			
Y65C			
Y65S			
Y65D			
Y65H			
Y65N			
F64L			
F64C			
F64S			
F64Y			
F64V			
F64I			
D63E			
D63V			
D63G			
D63A			
D63Y			
D63H			
D63N			
T62I			
T62R			
T62K			
T62S			
T62A			
T62P			
F61C			
F61S			
F61Y			
F61V			
F61I			
R60L			
R60P			
R60Q			
R60G			
L59R			
L59P			
L59Q			
L59V			
L59M			
G58V			
G58A			
G58E			
G58W			
G58R			
G57V			
G57A			
G57E			
G57R			
A56V			
A56G			
A56E			
A56S			
A56P			
A56T			
A55V			
A55G			
A55E			
A55S			
A55P			
A55T			
L54R			
L54Q			
L54M			
Q53H			
Q53L			
Q53R			
Q53E			
Q53K			
D52E			
D52V			
D52G			
D52A			
D52Y			
D52H			
D52N			
L51R			
L51P			
L51Q			
L51V			
L51M			
N50K			
N50I			
N50S			
N50T			
N50Y			
N50D			
N50H			
P49L			
P49R			
P49H			
P49S			
P49A			
P49T			
T48S			
T48N			
T48A			
T48P			
T47I			
T47S			
T47N			
T47A			
T47P			
S46F			
S46C			
S46Y			
S46A			
S46T			
S45I			
S45T			
S45N			
S45C			
S45G			
P44L			
P44R			
P44H			
P44S			
P44A			
P44T			
H43Q			
H43L			
H43R			
H43P			
H43Y			
H43D			
H43N			
G42V			
G42A			
G42E			
G42W			
G42R			
Y41F			
Y41S			
Y41D			
Y41H			
Y41N			
C40W			
C40F			
C40S			
C40Y			
C40G			
C40R			
G39V			
G39A			
G39C			
L38R			
L38P			
L38Q			
L38V			
L38M			
D37E			
D37V			
D37G			
D37A			
D37Y			
D37H			
D37N			
G36V			
G36A			
G36E			
G36W			
G36R			
Y35F			
Y35C			
Y35D			
Y35H			
Y35N			
G34V			
G34A			
G34C			
G34R			
L33R			
L33H			
L33F			
L33V			
L33I			
D32E			
D32V			
D32G			
D32A			
D32Y			
D32N			
D31V			
D31G			
D31A			
D31Y			
D31H			
A30V			
A30G			
A30D			
A30S			
A30P			
A30T			
F29L			
F29C			
F29S			
F29Y			
F29V			
F29I			
I28M			
I28S			
I28T			
I28N			
I28F			
I28V			
I28L			
L27R			
L27P			
L27Q			
L27V			
L27M			
V26G			
V26A			
V26E			
V26L			
V26M			
I25M			
I25S			
I25T			
I25N			
I25F			
I25L			
N24K			
N24I			
N24S			
N24T			
N24Y			
N24D			
N24H			
P23L			
P23R			
P23H			
P23S			
P23A			
P23T			
P22L			
P22Q			
P22S			
P22A			
P22T			
R21L			
R21P			
R21H			
R21C			
R21G			
R21S			
